{"materials":[{"id":-7984,"path":"Default UI Material","assetBundleId":-1,"data":["Default UI Material",0,28,3000,0,[["_StencilComp",8],["_Stencil",0],["_StencilOp",0],["_StencilWriteMask",255],["_StencilReadMask",255],["_ColorMask",15],["_UseUIAlphaClip",0]],[["_Color",1,1,1,1]],[["_MainTex_ST",1,1,0,0]],[["_MainTex",null,null]],[]]}],"scenes":[{"id":0,"name":"Game","path":"Assets/Scenes/Game.unity","assetBundleId":-1,"data":["Game",0,1],"objects":[{"id":25464,"path":"Main Camera","assetBundleId":0,"components":[{"type":1,"id":25470,"data":[0,0,-10,1,1,1,0,0,0,1]},{"type":2,"id":25468,"data":[1,0.5625,1,5,0,0,0,0,0.300000011920929,1000,60,-1,2,-1,[0,0,1,1],null,null,0,50,36,24,0,0,2]},{"type":3,"id":25466,"data":[]}],"children":[],"data":["Main Camera",4,1,0,0]},{"id":25478,"path":"Capsule","assetBundleId":0,"components":[{"type":1,"id":25482,"data":[0,0,0,1,1,1,0,0,0,1]},{"type":4,"id":25480,"data":[1,5,444,[5,444],0,0,0,-1,-1,0,1,1,0,0,1,1,0.0912528038024902,0,1,1,6,24800,0,0,0,1,2,0,0.5,0,0]}],"children":[],"data":["Capsule",0,1,0,0]},{"id":25472,"path":"Capsule (1)","assetBundleId":0,"components":[{"type":1,"id":25476,"data":[3.03999996185303,-3.21000003814697,0,1,1,1,0,0,0,1]},{"type":4,"id":25474,"data":[1,5,444,[5,444],0,0,0,0,-1,0,1,1,0,0,1,1,1,1,1,1,6,24800,0,0,0,1,2,0,0.5,0,0]}],"children":[],"data":["Capsule (1)",0,1,0,0]},{"id":25484,"path":"Capsule (2)","assetBundleId":0,"components":[{"type":1,"id":25488,"data":[0,3.46000003814697,0,1,1,1,0,0,0,1]},{"type":4,"id":25486,"data":[1,5,444,[5,444],0,0,0,0,-1,0,1,1,0,0,1,1,1,1,1,1,6,24800,0,0,0,1,2,0,0.5,0,0]}],"children":[],"data":["Capsule (2)",0,1,0,0]},{"id":25490,"path":"Capsule (3)","assetBundleId":0,"components":[{"type":1,"id":25494,"data":[-1.55999994277954,-2.85999989509583,0,1,1,1,0,0,0,1]},{"type":4,"id":25492,"data":[1,5,444,[5,444],0,0,0,1,-1,0,1,1,0,0,1,1,1,0,0,1,6,24800,0,0,0,1,2,0,0.5,0,0]}],"children":[],"data":["Capsule (3)",0,1,0,0]},{"id":25496,"path":"Capsule (4)","assetBundleId":0,"components":[{"type":1,"id":25500,"data":[4.07000017166138,3.46000003814697,0,1,1,1,0,0,0,1]},{"type":4,"id":25498,"data":[1,5,444,[5,444],0,0,0,0,-1,0,1,1,0,0,1,1,1,1,1,1,6,24800,0,0,0,1,2,0,0.5,0,0]}],"children":[],"data":["Capsule (4)",0,1,0,0]},{"id":25502,"path":"Capsule (5)","assetBundleId":0,"components":[{"type":1,"id":25506,"data":[-2.85999989509583,3.30999994277954,0,1,1,1,0,0,0,1]},{"type":4,"id":25504,"data":[1,5,444,[5,444],0,0,0,0,-1,0,1,1,0,0,1,1,1,0,0,1,6,24800,0,0,0,1,2,0,0.5,0,0]}],"children":[],"data":["Capsule (5)",0,1,0,0]}],"render_settings":{"data":[1,1,3,0.211999997496605,0.226999998092651,0.25900000333786,1,0.211999997496605,0.226999998092651,0.25900000333786,1,0.0469999983906746,0.0430000014603138,0.0350000001490116,1,0.114000000059605,0.125,0.133000001311302,1,0.5,0.5,0.5,1,300,0,0.00999999977648258,0,null,null,3,[],[[0,0],[0,0],[0,0],[0,0],[0,0],[0,0]],1,2,1,[0.03696759,0,0,0,0,0,0,0,0,0.04214946,0,0,0,0,0,0,0,0,0.05455384,0,0,0,0,0,0,0,0],[0,0,0,0,0,0,0,0,0,0,0,0,0,0,0,0,0,0,0,0,0,0,0,0,0,0,0],0,null,null,null,null,0,128,0,4,0,0,1]},"shaders":[48,32,26,28]}],"shaders":[{"id":32,"assetBundleId":-1,"data":[[],"Hidden/InternalErrorShader",null,[],[[0,0,"",0,"",0,[4,null],[1,null],[2,null],[[1,null],[0,null],[0,null]],[[1,null],[0,null],[0,null]],[15,null],[0,null],[0,null],[0,null],[255,null],[255,null],[[0,null],[0,null],[0,null],[8,null]],[[0,null],[0,null],[0,null],[8,null]],[[0,null],[0,null],[0,null],[8,null]],[],[],[],[],[],0]],[],[],null,null,0,0,0]}]}